,Unnamed: 0,Model,Price,day
0,0,"LG 65UM7050 65"" LED UltraHD 4K",579,1
1,1,"LG 65UM7450PLA 65"" LED UltraHD 4K",599-619,1
2,2,"LG 65UM7100PLA 65"" LED UltraHD 4K HDR","599-899,01",1
3,3,"LG 65UM7510PLA 65"" LED UltraHD 4K","649,99",1
4,4,"LG 65UN71006LB 65"" LED UltraHD 4K",639,1
5,5,"LG 65UN74006LB 65"" LED UltraHD 4K",749-799,1
6,6,"LG 65UN73006LA 65"" LED UltraHD 4K","749,99",1
7,7,"Philips 65PUS8535 65"" LED UltraHD 4K",829-929,1
8,8,"LG 60UN71003LB 60"" LED UltraHD 4K","538,99",1
9,9,"LG 65SM8050PLC 65"" LED NanoCell UltraHD 4K",850,1
10,10,"LG 65UN80006LA 65"" LED UltraHD 4K",699,1
11,11,65NANO866NA,"1098,99",1
12,12,"LG 60UN71006LB 60"" LED UltraHD 4K",589,1
13,13,"LG 65UM7400PLB 65"" LED UltraHD 4K","693,99",1
14,14,"LG 65NANO816NA 65"" LED IPS Nanocell UltraHD 4K",999,1
15,15,"LG 65NANO863NA 65"" LED IPS Nanocell UltraHD 4K","1098,99",1
16,16,"LG 60UU640C 60"" Pantalla Profesional LED UltraHD 4K HDR","831,59",1
17,17,"LG 65NANO806NA 65"" LED IPS Nanocell UltraHD 4K",979,1
18,18,"LG 65NANO906NA 65"" LED IPS Nanocell UltraHD 4K",1304,1
19,19,"LG 65SM8500PLA 65"" LED NanoCell UltraHD 4K","2173,92",1
20,20,"LG 65UK6300PLB 65"" LED UltraHD 4K","1138,48",1
21,21,"LG 65UM7000PLA 65"" LED UltraHD 4K","701,82",1
22,22,"LG 65UM7610PLB 65"" LED IPS UltraHD 4K","884,53",1
0,0,"LG 65UM7050 65"" LED UltraHD 4K",579,2
1,1,"LG 65UM7450PLA 65"" LED UltraHD 4K",599-619,2
2,2,"LG 65UM7100PLA 65"" LED UltraHD 4K HDR","610,55",2
3,3,"LG 65UM7510PLA 65"" LED UltraHD 4K","649,99",2
4,4,"LG 65UN71006LB 65"" LED UltraHD 4K",639,2
5,5,"LG 65UN74006LB 65"" LED UltraHD 4K",749-799,2
6,6,"LG 65UN73006LA 65"" LED UltraHD 4K","749,99",2
7,7,"Philips 65PUS8535 65"" LED UltraHD 4K",829-929,2
8,8,"LG 60UN71003LB 60"" LED UltraHD 4K","538,99",2
9,9,"LG 65SM8050PLC 65"" LED NanoCell UltraHD 4K",850,2
10,10,"LG 65UN80006LA 65"" LED UltraHD 4K",699,2
11,11,65NANO866NA,"1098,99",2
12,12,"LG 60UN71006LB 60"" LED UltraHD 4K",589,2
13,13,"LG 65UM7400PLB 65"" LED UltraHD 4K","693,99",2
14,14,"LG 65NANO816NA 65"" LED IPS Nanocell UltraHD 4K",999,2
15,15,"LG 65NANO863NA 65"" LED IPS Nanocell UltraHD 4K","1098,99",2
16,16,"LG 60UU640C 60"" Pantalla Profesional LED UltraHD 4K HDR","831,59",2
17,17,"LG 65NANO806NA 65"" LED IPS Nanocell UltraHD 4K",979,2
18,18,"LG 65NANO906NA 65"" LED IPS Nanocell UltraHD 4K",1304,2
19,19,"LG 65SM8500PLA 65"" LED NanoCell UltraHD 4K","2173,92",2
20,20,"LG 65UK6300PLB 65"" LED UltraHD 4K","1138,48",2
21,21,"LG 65UM7000PLA 65"" LED UltraHD 4K","701,82",2
22,22,"LG 65UM7610PLB 65"" LED IPS UltraHD 4K","876,18",2
0,0,"LG 65UM7050 65"" LED UltraHD 4K",579,3
1,1,"LG 65UM7100PLA 65"" LED UltraHD 4K HDR","614,71",3
2,2,"LG 65UM7510PLA 65"" LED UltraHD 4K","649,99",3
3,3,"LG 65UN71006LB 65"" LED UltraHD 4K",639,3
4,4,"LG 65UN74006LB 65"" LED UltraHD 4K",749-799,3
5,5,"LG 65UN73006LA 65"" LED UltraHD 4K","749,99",3
6,6,"Philips 65PUS8535 65"" LED UltraHD 4K",829-929,3
7,7,"LG 65SM8050PLC 65"" LED NanoCell UltraHD 4K",850,3
8,8,65NANO866NA Reacondicionado,"1058,40",3
9,9,"LG 65UN80006LA 65"" LED UltraHD 4K",699,3
10,10,65NANO866NA,"1098,99",3
11,11,"LG 65UM7400PLB 65"" LED UltraHD 4K","693,99",3
12,12,"LG 60UN71006LB 60"" LED UltraHD 4K",589,3
13,13,"LG 65NANO816NA 65"" LED IPS Nanocell UltraHD 4K",999,3
14,14,"LG 65NANO863NA 65"" LED IPS Nanocell UltraHD 4K","1098,99",3
15,15,"LG 65SM8200PLA 65"" LED UltraHD 4K","1194,81",3
16,16,"LG 60UU640C 60"" Pantalla Profesional LED UltraHD 4K HDR","766,11",3
17,17,"LG 65NANO806NA 65"" LED IPS Nanocell UltraHD 4K",999,3
18,18,"LG 65SM8500PLA 65"" LED NanoCell UltraHD 4K","2173,92",3
19,19,"LG 65UM7000PLA 65"" LED UltraHD 4K","676,99",3
20,20,"LG 65UM7610PLB 65"" LED IPS UltraHD 4K","859,48",3
0,0,"LG 65UM7050 65"" LED UltraHD 4K",579,4
1,1,"LG 65UM7100PLA 65"" LED UltraHD 4K HDR","624,40",4
2,2,"LG 65UM7510PLA 65"" LED UltraHD 4K","649,99",4
3,3,"LG 65UN71006LB 65"" LED UltraHD 4K",639,4
4,4,"LG 65UN74006LB 65"" LED UltraHD 4K",749-799,4
5,5,"LG 65UN73006LA 65"" LED UltraHD 4K","749,99",4
6,6,"Philips 65PUS8535 65"" LED UltraHD 4K",829-929,4
7,7,"LG 65SM8050PLC 65"" LED NanoCell UltraHD 4K",850,4
8,8,"LG 65UN80006LA 65"" LED UltraHD 4K",699,4
9,9,65NANO866NA Reacondicionado,"1058,40",4
10,10,65NANO866NA,"1098,99",4
11,11,"LG 65UM7400PLB 65"" LED UltraHD 4K","693,99",4
12,12,"LG 65NANO816NA 65"" LED IPS Nanocell UltraHD 4K",999,4
13,13,"LG 60UN71006LB 60"" LED UltraHD 4K",579,4
14,14,"LG 65NANO863NA 65"" LED IPS Nanocell UltraHD 4K","1098,99",4
15,15,"LG 65UM7000PLA 65"" LED UltraHD 4K","676,99",4
16,16,"LG 60UU640C 60"" Pantalla Profesional LED UltraHD 4K HDR","766,11",4
17,17,"LG 65NANO806NA 65"" LED IPS Nanocell UltraHD 4K",979,4
18,18,"LG 65SM8500PLA 65"" LED NanoCell UltraHD 4K","2173,92",4
19,19,"LG 65UM7610PLB 65"" LED IPS UltraHD 4K","859,48",4
0,0,"LG 65UM7050 65"" LED UltraHD 4K",579,5
1,1,"LG 65UM7100PLA 65"" LED UltraHD 4K HDR","659,99",5
2,2,"LG 65UM7510PLA 65"" LED UltraHD 4K","649,99",5
3,3,"LG 65UN71006LB 65"" LED UltraHD 4K",639,5
4,4,"LG 65UN74006LB 65"" LED UltraHD 4K",699-799,5
5,5,"LG 65UN73006LA 65"" LED UltraHD 4K","749,99",5
6,6,"Philips 65PUS8535 65"" LED UltraHD 4K",829-929,5
7,7,"LG 65UN80006LA 65"" LED UltraHD 4K",699,5
8,8,"LG 65SM8050PLC 65"" LED NanoCell UltraHD 4K",850,5
9,9,65NANO866NA Reacondicionado,"1058,40",5
10,10,65NANO866NA,"1098,99",5
11,11,"LG 60UN71006LB 60"" LED UltraHD 4K",579,5
12,12,"LG 65UM7400PLB 65"" LED UltraHD 4K","693,99",5
13,13,"LG 65NANO816NA 65"" LED IPS Nanocell UltraHD 4K",999,5
14,14,"LG 65NANO863NA 65"" LED IPS Nanocell UltraHD 4K","1098,99",5
15,15,"LG 65UM7000PLA 65"" LED UltraHD 4K","676,99",5
16,16,"LG 60UU640C 60"" Pantalla Profesional LED UltraHD 4K HDR","761,92",5
17,17,"LG 65NANO806NA 65"" LED IPS Nanocell UltraHD 4K",979,5
18,18,"LG 65SM8500PLA 65"" LED NanoCell UltraHD 4K","2173,92",5
19,19,"LG 65UM7610PLB 65"" LED IPS UltraHD 4K","864,88",5
0,0,"LG 65UM7050 65"" LED UltraHD 4K",579,6
1,1,"LG 65UM7100PLA 65"" LED UltraHD 4K HDR","659,99",6
2,2,"LG 65UM7510PLA 65"" LED UltraHD 4K","649,99",6
3,3,"LG 65UN71006LB 65"" LED UltraHD 4K",639,6
4,4,"LG 65UN74006LB 65"" LED UltraHD 4K",699-799,6
5,5,"LG 65UN73006LA 65"" LED UltraHD 4K","749,99",6
6,6,"Philips 65PUS8535 65"" LED UltraHD 4K",829-929,6
7,7,"LG 65UN80006LA 65"" LED UltraHD 4K",699,6
8,8,65NANO866NA Reacondicionado,"1058,40",6
9,9,"LG 65SM8050PLC 65"" LED NanoCell UltraHD 4K",850,6
10,10,65NANO866NA,"1098,99",6
11,11,"LG 60UN71006LB 60"" LED UltraHD 4K",579,6
12,12,"LG 65UM7400PLB 65"" LED UltraHD 4K","693,99",6
13,13,"LG 65NANO816NA 65"" LED IPS Nanocell UltraHD 4K",999,6
14,14,"LG 65NANO863NA 65"" LED IPS Nanocell UltraHD 4K","1098,99",6
15,15,"LG 65UM7000PLA 65"" LED UltraHD 4K","676,99",6
16,16,"LG 60UU640C 60"" Pantalla Profesional LED UltraHD 4K HDR","761,92",6
17,17,"LG 65NANO806NA 65"" LED IPS Nanocell UltraHD 4K",979,6
18,18,"LG 65SM8500PLA 65"" LED NanoCell UltraHD 4K","2173,92",6
0,0,"LG 65UM7050 65"" LED UltraHD 4K",579,7
1,1,"LG 65UM7510PLA 65"" LED UltraHD 4K","649,99",7
2,2,"LG 65UM7100PLA 65"" LED UltraHD 4K HDR","659,99",7
3,3,"LG 65UN71006LB 65"" LED UltraHD 4K",639,7
4,4,"LG 65UN74006LB 65"" LED UltraHD 4K",699-799,7
5,5,"LG 65UN73006LA 65"" LED UltraHD 4K","749,99",7
6,6,"Philips 65PUS8535 65"" LED UltraHD 4K",829-929,7
7,7,"LG 65UN80006LA 65"" LED UltraHD 4K",699,7
8,8,65NANO866NA Reacondicionado,"1058,40",7
9,9,"LG 65SM8050PLC 65"" LED NanoCell UltraHD 4K",850,7
10,10,"LG 60UN71006LB 60"" LED UltraHD 4K",579,7
11,11,65NANO866NA,"1098,99",7
12,12,"LG 65UM7400PLB 65"" LED UltraHD 4K","693,99",7
13,13,"LG 65NANO816NA 65"" LED IPS Nanocell UltraHD 4K",999,7
14,14,"LG 65UM7000PLA 65"" LED UltraHD 4K","676,99",7
15,15,"LG 60UU640C 60"" Pantalla Profesional LED UltraHD 4K HDR","766,11",7
16,16,"LG 65NANO806NA 65"" LED IPS Nanocell UltraHD 4K",979,7
17,17,"LG 65SM8500PLA 65"" LED NanoCell UltraHD 4K","2173,92",7
18,18,"LG 65UM7610PLB 65"" LED IPS UltraHD 4K","864,88",7
0,0,"LG 65UM7050 65"" LED UltraHD 4K",579,8
1,1,"LG 65UM7510PLA 65"" LED UltraHD 4K","649,99",8
2,2,"LG 65UM7100PLA 65"" LED UltraHD 4K HDR","659,99",8
3,3,"LG 65UN71006LB 65"" LED UltraHD 4K",639,8
4,4,"LG 65UN74006LB 65"" LED UltraHD 4K",699-799,8
5,5,"LG 65UN73006LA 65"" LED UltraHD 4K","749,99",8
6,6,"Philips 65PUS8535 65"" LED UltraHD 4K",829-929,8
7,7,"LG 65UN80006LA 65"" LED UltraHD 4K",699,8
8,8,"LG 65UM7050 65"" LED UltraHD 4K Reacondicionado","521,05",8
9,9,65NANO866NA Reacondicionado,"1058,40",8
10,10,"LG 65UM7510PLA 65"" LED UltraHD 4K Reacondicionado","585,50",8
11,11,"LG 60UN71006LB 60"" LED UltraHD 4K",579,8
12,12,"LG 65SM8050PLC 65"" LED NanoCell UltraHD 4K",850,8
13,13,65NANO866NA,"1098,99",8
14,14,"LG 65UM7400PLB 65"" LED UltraHD 4K","693,99",8
15,15,"LG 65NANO816NA 65"" LED IPS Nanocell UltraHD 4K",999,8
16,16,"LG 65UM7000PLA 65"" LED UltraHD 4K","676,99",8
17,17,"LG 60UU640C 60"" Pantalla Profesional LED UltraHD 4K HDR","1149,82",8
18,18,"LG 65NANO806NA 65"" LED IPS Nanocell UltraHD 4K",979,8
19,19,"LG 65SM8500PLA 65"" LED NanoCell UltraHD 4K","2173,92",8
20,20,"LG 65UM7610PLB 65"" LED IPS UltraHD 4K","864,88",8
0,0,"LG 65UM7050 65"" LED UltraHD 4K",579,9
1,1,"LG 65UM7510PLA 65"" LED UltraHD 4K","649,99",9
2,2,"LG 65UN71006LB 65"" LED UltraHD 4K",639,9
3,3,"LG 65UM7100PLA 65"" LED UltraHD 4K HDR","803,46",9
4,4,"LG 65UN74006LB 65"" LED UltraHD 4K",699-799,9
5,5,"LG 65UN73006LA 65"" LED UltraHD 4K","749,99",9
6,6,"Philips 65PUS8535 65"" LED UltraHD 4K",859,9
7,7,"LG 65UN80006LA 65"" LED UltraHD 4K",699,9
8,8,"LG 65UM7050 65"" LED UltraHD 4K Reacondicionado","521,05",9
9,9,65NANO866NA Reacondicionado,"1042,50",9
10,10,65NANO866NA,"1098,99",9
11,11,"LG 60UN71006LB 60"" LED UltraHD 4K",579,9
12,12,"LG 65SM8050PLC 65"" LED NanoCell UltraHD 4K","1278,70",9
13,13,"LG 65UM7400PLB 65"" LED UltraHD 4K","693,99",9
14,14,"LG 65NANO816NA 65"" LED IPS Nanocell UltraHD 4K",999,9
15,15,"LG 65NANO806NA 65"" LED IPS Nanocell UltraHD 4K",979,9
16,16,"LG 60UU640C 60"" Pantalla Profesional LED UltraHD 4K HDR","1149,82",9
17,17,"LG 65UM7610PLB 65"" LED IPS UltraHD 4K","864,88",9
18,18,"LG 65UM7000PLA 65"" LED UltraHD 4K","701,82",9
0,0,"LG 65UM7050 65"" LED UltraHD 4K",579,10
1,1,"LG 65UM7510PLA 65"" LED UltraHD 4K","649,99",10
2,2,"LG 65UN71006LB 65"" LED UltraHD 4K",639,10
3,3,"LG 65UM7100PLA 65"" LED UltraHD 4K HDR","803,46",10
4,4,"LG 65UN74006LB 65"" LED UltraHD 4K",699-799,10
5,5,"Philips 65PUS8535 65"" LED UltraHD 4K",819-859,10
6,6,"LG 65UN73006LA 65"" LED UltraHD 4K","749,99",10
7,7,"LG 60UN71006LB 60"" LED UltraHD 4K",579,10
8,8,"LG 65UN80006LA 65"" LED UltraHD 4K",699,10
9,9,65NANO866NA Reacondicionado,"1042,50",10
10,10,65NANO866NA,"1098,99",10
11,11,"LG 65SM8050PLC 65"" LED NanoCell UltraHD 4K","1278,70",10
12,12,"LG 65UM7400PLB 65"" LED UltraHD 4K",699,10
13,13,"LG 65UN80003LA 65"" LED UltraHD 4K",649,10
14,14,"LG 65NANO816NA 65"" LED IPS Nanocell UltraHD 4K",999,10
15,15,"LG 65NANO806NA 65"" LED IPS Nanocell UltraHD 4K",979,10
16,16,"LG 60UU640C 60"" Pantalla Profesional LED UltraHD 4K HDR","1149,82",10
17,17,"LG 65UN85003LA 65"" LED UltraHD 4K",799,10
18,18,"LG 65UN85006LA 65"" LED UltraHD 4K",879,10
19,19,"LG 65UM7000PLA 65"" LED UltraHD 4K","701,82",10
0,0,"LG 65UM7050 65"" LED UltraHD 4K",579,11
1,1,"LG 65UM7510PLA 65"" LED UltraHD 4K","649,99",11
2,2,"LG 65UM7450PLA 65"" LED UltraHD 4K",619,11
3,3,"LG 65UN71006LB 65"" LED UltraHD 4K",639,11
4,4,"LG 65UM7100PLA 65"" LED UltraHD 4K HDR","899,01",11
5,5,"LG 65UN74006LB 65"" LED UltraHD 4K",699-799,11
6,6,"Philips 65PUS8535 65"" LED UltraHD 4K",819-859,11
7,7,"LG 65UN73006LA 65"" LED UltraHD 4K","749,99",11
8,8,"LG 60UN71006LB 60"" LED UltraHD 4K",579,11
9,9,"LG 65UN80006LA 65"" LED UltraHD 4K",699,11
10,10,"LG 60UN71003LB 60"" LED UltraHD 4K","538,99",11
11,11,65NANO866NA Reacondicionado,"1042,50",11
12,12,65NANO866NA,"1098,99",11
13,13,"LG 65SM8050PLC 65"" LED NanoCell UltraHD 4K","1278,70",11
14,14,"LG 65NANO816NA 65"" LED IPS Nanocell UltraHD 4K",999,11
15,15,"LG 65UM7050 65"" LED UltraHD 4K Reacondicionado","521,05",11
16,16,"LG 65UN80003LA 65"" LED UltraHD 4K",649,11
17,17,"LG 65UM7400PLB 65"" LED UltraHD 4K",699,11
18,18,"LG 65UN85003LA 65"" LED UltraHD 4K",799,11
19,19,"LG 65NANO863NA 65"" LED IPS Nanocell UltraHD 4K","1098,99",11
20,20,"LG 65UN85006LA 65"" LED UltraHD 4K",879,11
21,21,"LG 65NANO806NA 65"" LED IPS Nanocell UltraHD 4K",979,11
22,22,"LG 65UM7510PLA 65"" LED UltraHD 4K Reacondicionado","585,50",11
23,23,"LG 65SM8200PLA 65"" LED UltraHD 4K",799,11
0,0,"LG 65UM7050 65"" LED UltraHD 4K",579,12
1,1,"LG 65UM7510PLA 65"" LED UltraHD 4K","629,99",12
2,2,"LG 65UN71003LB 65"" LED UltraHD 4K",599,12
3,3,"LG 65UN71006LB 65"" LED UltraHD 4K",639,12
4,4,"LG 65UN74006LB 65"" LED UltraHD 4K",699-799,12
5,5,"LG 65UN80006LA 65"" LED UltraHD 4K",699,12
6,6,"Philips 65PUS8535 65"" LED UltraHD 4K",819-859,12
7,7,"LG 65UN73006LA 65"" LED UltraHD 4K","679-749,99",12
8,8,"LG 60UN71006LB 60"" LED UltraHD 4K",579,12
9,9,65NANO866NA Reacondicionado,"1042,50",12
10,10,"LG 65UM7400PLB 65"" LED UltraHD 4K",699,12
11,11,65NANO866NA,"1098,99",12
12,12,"LG 65SM8050PLC 65"" LED NanoCell UltraHD 4K","1278,70",12
13,13,"LG 65NANO816NA 65"" LED IPS Nanocell UltraHD 4K",999,12
14,14,"LG 65UN80003LA 65"" LED UltraHD 4K",649,12
15,15,"LG 65UN85003LA 65"" LED UltraHD 4K",799,12
16,16,"LG 65UN85006LA 65"" LED UltraHD 4K",879,12
17,17,"LG 65NANO806NA 65"" LED IPS Nanocell UltraHD 4K","987,20",12
18,18,"LG 60UU640C 60"" Pantalla Profesional LED UltraHD 4K HDR","743,83",12
19,19,"LG 65SM8500PLA 65"" LED NanoCell UltraHD 4K","2173,92",12
20,20,"LG 65UM7000PLA 65"" LED UltraHD 4K","701,82",12
0,0,"LG 65UM7050 65"" LED UltraHD 4K",579,13
1,1,"LG 65UN71003LB 65"" LED UltraHD 4K",599,13
2,2,"LG 65UM7510PLA 65"" LED UltraHD 4K","629,99",13
3,3,"LG 65UN71006LB 65"" LED UltraHD 4K",639,13
4,4,"LG 65UN74006LB 65"" LED UltraHD 4K",699-799,13
5,5,"LG 65UM7100PLA 65"" LED UltraHD 4K HDR","659,99",13
6,6,"LG 65UN80006LA 65"" LED UltraHD 4K",699,13
7,7,"LG 65UN73006LA 65"" LED UltraHD 4K","679-749,99",13
8,8,"Philips 65PUS8535 65"" LED UltraHD 4K",819-859,13
9,9,"LG 60UN71006LB 60"" LED UltraHD 4K",579,13
10,10,65NANO866NA Reacondicionado,"1042,50",13
11,11,65NANO866NA,"1098,99",13
12,12,"LG 65UM7400PLB 65"" LED UltraHD 4K",699,13
13,13,"LG 65SM8050PLC 65"" LED NanoCell UltraHD 4K",850,13
14,14,"LG 65UN80003LA 65"" LED UltraHD 4K",649,13
15,15,"LG 65NANO816NA 65"" LED IPS Nanocell UltraHD 4K",999,13
16,16,"LG 65UN85003LA 65"" LED UltraHD 4K",799,13
17,17,"LG 65UN85006LA 65"" LED UltraHD 4K",869,13
18,18,"LG 65NANO806NA 65"" LED IPS Nanocell UltraHD 4K","986,69",13
19,19,"LG 60UU640C 60"" Pantalla Profesional LED UltraHD 4K HDR","743,83",13
20,20,"LG 65SM8500PLA 65"" LED NanoCell UltraHD 4K","2173,92",13
21,21,"LG 65UM7000PLA 65"" LED UltraHD 4K","676,99",13
0,0,"LG 65UM7050 65"" LED UltraHD 4K",579,14
1,1,"LG 65UN71003LB 65"" LED UltraHD 4K",599,14
2,2,"LG 65UM7510PLA 65"" LED UltraHD 4K","629,99",14
3,3,"LG 65UN71006LB 65"" LED UltraHD 4K",639,14
4,4,"LG 65UM7100PLA 65"" LED UltraHD 4K HDR","659,99",14
5,5,"LG 65UN74006LB 65"" LED UltraHD 4K",699-799,14
6,6,"LG 65UN80006LA 65"" LED UltraHD 4K",699,14
7,7,"LG 65UN73006LA 65"" LED UltraHD 4K","679-749,99",14
8,8,"Philips 65PUS8535 65"" LED UltraHD 4K",819-859,14
9,9,"LG 60UN71006LB 60"" LED UltraHD 4K",579,14
10,10,"LG 65UN80003LA 65"" LED UltraHD 4K",649,14
11,11,65NANO866NA Reacondicionado,"1042,50",14
12,12,65NANO866NA,"1098,99",14
13,13,"LG 65NANO816NA 65"" LED IPS Nanocell UltraHD 4K",999,14
14,14,"LG 65UM7400PLB 65"" LED UltraHD 4K",699,14
15,15,"LG 65SM8050PLC 65"" LED NanoCell UltraHD 4K",850,14
16,16,"LG 65UN85003LA 65"" LED UltraHD 4K",799,14
17,17,"LG 65UN85006LA 65"" LED UltraHD 4K",869,14
18,18,"LG 65UM7050 65"" LED UltraHD 4K Reacondicionado","521,05",14
19,19,"LG 60UU640C 60"" Pantalla Profesional LED UltraHD 4K HDR","743,83",14
20,20,"LG 65NANO806NA 65"" LED IPS Nanocell UltraHD 4K","809,01",14
21,21,"LG 65SM8500PLA 65"" LED NanoCell UltraHD 4K","2173,92",14
22,22,"LG 60UN71006LB 60"" LED UltraHD 4K Reacondicionado","539,10",14
23,23,"LG 65UM7000PLA 65"" LED UltraHD 4K","676,99",14
