Model,Price â‚¬,day
"LG 65UM7050 65"" LED UltraHD 4K",579,1
"LG 65UM7510PLA 65"" LED UltraHD 4K",649.99,1
"LG 60UN71006LB 60"" LED UltraHD 4K",589,1
"LG 65UM7400PLB 65"" LED UltraHD 4K",693.99,1
"LG 65NANO816NA 65"" LED IPS Nanocell UltraHD 4K",999,1
"LG 65NANO863NA 65"" LED IPS Nanocell UltraHD 4K",1098.99,1
"LG 60UU640C 60"" Pantalla Profesional LED UltraHD 4K HDR",831.59,1
"LG 65NANO806NA 65"" LED IPS Nanocell UltraHD 4K",979,1
"LG 65NANO906NA 65"" LED IPS Nanocell UltraHD 4K",1304,1
"LG 65SM8500PLA 65"" LED NanoCell UltraHD 4K",2173.92,1
"LG 65UK6300PLB 65"" LED UltraHD 4K",1138.48,1
"LG 65UM7000PLA 65"" LED UltraHD 4K",701.82,1
"LG 65UM7610PLB 65"" LED IPS UltraHD 4K",884.53,1
"LG 65UM7050 65"" LED UltraHD 4K",579,2
"LG 65UM7510PLA 65"" LED UltraHD 4K",649.99,2
"LG 60UN71006LB 60"" LED UltraHD 4K",589,2
"LG 65UM7400PLB 65"" LED UltraHD 4K",693.99,2
"LG 65NANO816NA 65"" LED IPS Nanocell UltraHD 4K",999,2
"LG 65NANO863NA 65"" LED IPS Nanocell UltraHD 4K",1098.99,2
"LG 60UU640C 60"" Pantalla Profesional LED UltraHD 4K HDR",831.59,2
"LG 65NANO806NA 65"" LED IPS Nanocell UltraHD 4K",979,2
"LG 65NANO906NA 65"" LED IPS Nanocell UltraHD 4K",1304,2
"LG 65SM8500PLA 65"" LED NanoCell UltraHD 4K",2173.92,2
"LG 65UK6300PLB 65"" LED UltraHD 4K",1138.48,2
"LG 65UM7000PLA 65"" LED UltraHD 4K",701.82,2
"LG 65UM7610PLB 65"" LED IPS UltraHD 4K",876.18,2
"LG 65UM7050 65"" LED UltraHD 4K",579,3
"LG 65UN71006LB 65"" LED UltraHD 4K",639,3
"LG 60UN71006LB 60"" LED UltraHD 4K",589,3
"LG 65NANO816NA 65"" LED IPS Nanocell UltraHD 4K",999,3
"LG 65NANO863NA 65"" LED IPS Nanocell UltraHD 4K",1098.99,3
"LG 65SM8200PLA 65"" LED UltraHD 4K",1194.81,3
"LG 60UU640C 60"" Pantalla Profesional LED UltraHD 4K HDR",766.11,3
"LG 65NANO806NA 65"" LED IPS Nanocell UltraHD 4K",999,3
"LG 65SM8500PLA 65"" LED NanoCell UltraHD 4K",2173.92,3
"LG 65UM7000PLA 65"" LED UltraHD 4K",676.99,3
"LG 65UM7610PLB 65"" LED IPS UltraHD 4K",859.48,3
"LG 65UM7050 65"" LED UltraHD 4K",579,4
"LG 65UN71006LB 65"" LED UltraHD 4K",639,4
"LG 65NANO816NA 65"" LED IPS Nanocell UltraHD 4K",999,4
"LG 60UN71006LB 60"" LED UltraHD 4K",579,4
"LG 65NANO863NA 65"" LED IPS Nanocell UltraHD 4K",1098.99,4
"LG 65UM7000PLA 65"" LED UltraHD 4K",676.99,4
"LG 60UU640C 60"" Pantalla Profesional LED UltraHD 4K HDR",766.11,4
"LG 65NANO806NA 65"" LED IPS Nanocell UltraHD 4K",979,4
"LG 65SM8500PLA 65"" LED NanoCell UltraHD 4K",2173.92,4
"LG 65UM7610PLB 65"" LED IPS UltraHD 4K",859.48,4
"LG 65UM7050 65"" LED UltraHD 4K",579,5
"LG 65UN71006LB 65"" LED UltraHD 4K",639,5
"LG 65UM7400PLB 65"" LED UltraHD 4K",693.99,5
"LG 65NANO816NA 65"" LED IPS Nanocell UltraHD 4K",999,5
"LG 65NANO863NA 65"" LED IPS Nanocell UltraHD 4K",1098.99,5
"LG 65UM7000PLA 65"" LED UltraHD 4K",676.99,5
"LG 60UU640C 60"" Pantalla Profesional LED UltraHD 4K HDR",761.92,5
"LG 65NANO806NA 65"" LED IPS Nanocell UltraHD 4K",979,5
"LG 65SM8500PLA 65"" LED NanoCell UltraHD 4K",2173.92,5
"LG 65UM7610PLB 65"" LED IPS UltraHD 4K",864.88,5
"LG 65UM7050 65"" LED UltraHD 4K",579,6
"LG 65UN71006LB 65"" LED UltraHD 4K",639,6
"LG 65UM7400PLB 65"" LED UltraHD 4K",693.99,6
"LG 65NANO816NA 65"" LED IPS Nanocell UltraHD 4K",999,6
"LG 65NANO863NA 65"" LED IPS Nanocell UltraHD 4K",1098.99,6
"LG 65UM7000PLA 65"" LED UltraHD 4K",676.99,6
"LG 60UU640C 60"" Pantalla Profesional LED UltraHD 4K HDR",761.92,6
"LG 65NANO806NA 65"" LED IPS Nanocell UltraHD 4K",979,6
"LG 65SM8500PLA 65"" LED NanoCell UltraHD 4K",2173.92,6
"LG 65UM7050 65"" LED UltraHD 4K",579,7
"LG 65UN71006LB 65"" LED UltraHD 4K",639,7
"LG 65UM7400PLB 65"" LED UltraHD 4K",693.99,7
"LG 65NANO816NA 65"" LED IPS Nanocell UltraHD 4K",999,7
"LG 65UM7000PLA 65"" LED UltraHD 4K",676.99,7
"LG 60UU640C 60"" Pantalla Profesional LED UltraHD 4K HDR",766.11,7
"LG 65NANO806NA 65"" LED IPS Nanocell UltraHD 4K",979,7
"LG 65SM8500PLA 65"" LED NanoCell UltraHD 4K",2173.92,7
"LG 65UM7610PLB 65"" LED IPS UltraHD 4K",864.88,7
"LG 65UM7050 65"" LED UltraHD 4K",579,8
"LG 65UN71006LB 65"" LED UltraHD 4K",639,8
"LG 65SM8050PLC 65"" LED NanoCell UltraHD 4K",850,8
65NANO866NA,1098.99,8
"LG 65UM7400PLB 65"" LED UltraHD 4K",693.99,8
"LG 65NANO816NA 65"" LED IPS Nanocell UltraHD 4K",999,8
"LG 65UM7000PLA 65"" LED UltraHD 4K",676.99,8
"LG 60UU640C 60"" Pantalla Profesional LED UltraHD 4K HDR",1149.82,8
"LG 65NANO806NA 65"" LED IPS Nanocell UltraHD 4K",979,8
"LG 65SM8500PLA 65"" LED NanoCell UltraHD 4K",2173.92,8
"LG 65UM7610PLB 65"" LED IPS UltraHD 4K",864.88,8
"LG 65UM7050 65"" LED UltraHD 4K",579,9
"LG 65UM7100PLA 65"" LED UltraHD 4K HDR",803.46,9
"LG 65SM8050PLC 65"" LED NanoCell UltraHD 4K",1278.70,9
"LG 65UM7400PLB 65"" LED UltraHD 4K",693.99,9
"LG 65NANO816NA 65"" LED IPS Nanocell UltraHD 4K",999,9
"LG 65NANO806NA 65"" LED IPS Nanocell UltraHD 4K",979,9
"LG 60UU640C 60"" Pantalla Profesional LED UltraHD 4K HDR",1149.82,9
"LG 65UM7610PLB 65"" LED IPS UltraHD 4K",864.88,9
"LG 65UM7000PLA 65"" LED UltraHD 4K",701.82,9
"LG 65UM7050 65"" LED UltraHD 4K",579,10
"LG 65UM7100PLA 65"" LED UltraHD 4K HDR",803.46,10
"LG 65UM7400PLB 65"" LED UltraHD 4K",699,10
"LG 65UN80003LA 65"" LED UltraHD 4K",649,10
"LG 65NANO816NA 65"" LED IPS Nanocell UltraHD 4K",999,10
"LG 65NANO806NA 65"" LED IPS Nanocell UltraHD 4K",979,10
"LG 60UU640C 60"" Pantalla Profesional LED UltraHD 4K HDR",1149.82,10
"LG 65UN85003LA 65"" LED UltraHD 4K",799,10
"LG 65UN85006LA 65"" LED UltraHD 4K",879,10
"LG 65UM7000PLA 65"" LED UltraHD 4K",701.82,10
"LG 65UM7050 65"" LED UltraHD 4K",579,11
"LG 65UN71006LB 65"" LED UltraHD 4K",639,11
65NANO866NA,1098.99,11
"LG 65SM8050PLC 65"" LED NanoCell UltraHD 4K",1278.70,11
"LG 65NANO816NA 65"" LED IPS Nanocell UltraHD 4K",999,11
"LG 65UM7050 65"" LED UltraHD 4K Reacondicionado",521.05,11
"LG 65UN80003LA 65"" LED UltraHD 4K",649,11
"LG 65UM7400PLB 65"" LED UltraHD 4K",699,11
"LG 65UN85003LA 65"" LED UltraHD 4K",799,11
"LG 65NANO863NA 65"" LED IPS Nanocell UltraHD 4K",1098.99,11
"LG 65UN85006LA 65"" LED UltraHD 4K",879,11
"LG 65NANO806NA 65"" LED IPS Nanocell UltraHD 4K",979,11
"LG 65UM7510PLA 65"" LED UltraHD 4K Reacondicionado",585.50,11
"LG 65SM8200PLA 65"" LED UltraHD 4K",799,11
"LG 65UM7050 65"" LED UltraHD 4K",579,12
"LG 65UN71006LB 65"" LED UltraHD 4K",639,12
"LG 65SM8050PLC 65"" LED NanoCell UltraHD 4K",1278.70,12
"LG 65NANO816NA 65"" LED IPS Nanocell UltraHD 4K",999,12
"LG 65UN80003LA 65"" LED UltraHD 4K",649,12
"LG 65UN85003LA 65"" LED UltraHD 4K",799,12
"LG 65UN85006LA 65"" LED UltraHD 4K",879,12
"LG 65NANO806NA 65"" LED IPS Nanocell UltraHD 4K",987.20,12
"LG 60UU640C 60"" Pantalla Profesional LED UltraHD 4K HDR",743.83,12
"LG 65SM8500PLA 65"" LED NanoCell UltraHD 4K",2173.92,12
"LG 65UM7000PLA 65"" LED UltraHD 4K",701.82,12
"LG 65UM7050 65"" LED UltraHD 4K",579,13
"LG 65UN71006LB 65"" LED UltraHD 4K",639,13
"LG 65UM7400PLB 65"" LED UltraHD 4K",699,13
"LG 65SM8050PLC 65"" LED NanoCell UltraHD 4K",850,13
"LG 65UN80003LA 65"" LED UltraHD 4K",649,13
"LG 65NANO816NA 65"" LED IPS Nanocell UltraHD 4K",999,13
"LG 65UN85003LA 65"" LED UltraHD 4K",799,13
"LG 65UN85006LA 65"" LED UltraHD 4K",869,13
"LG 65NANO806NA 65"" LED IPS Nanocell UltraHD 4K",986.69,13
"LG 60UU640C 60"" Pantalla Profesional LED UltraHD 4K HDR",743.83,13
"LG 65SM8500PLA 65"" LED NanoCell UltraHD 4K",2173.92,13
"LG 65UM7000PLA 65"" LED UltraHD 4K",676.99,13
"LG 65UM7050 65"" LED UltraHD 4K",579,14
"LG 65UN71006LB 65"" LED UltraHD 4K",639,14
65NANO866NA,1098.99,14
"LG 65NANO816NA 65"" LED IPS Nanocell UltraHD 4K",999,14
"LG 65UM7400PLB 65"" LED UltraHD 4K",699,14
"LG 65SM8050PLC 65"" LED NanoCell UltraHD 4K",850,14
"LG 65UN85003LA 65"" LED UltraHD 4K",799,14
"LG 65UN85006LA 65"" LED UltraHD 4K",869,14
"LG 65UM7050 65"" LED UltraHD 4K Reacondicionado",521.05,14
"LG 60UU640C 60"" Pantalla Profesional LED UltraHD 4K HDR",743.83,14
"LG 65NANO806NA 65"" LED IPS Nanocell UltraHD 4K",809.01,14
"LG 65SM8500PLA 65"" LED NanoCell UltraHD 4K",2173.92,14
"LG 60UN71006LB 60"" LED UltraHD 4K Reacondicionado",539.10,14
"LG 65UM7000PLA 65"" LED UltraHD 4K",676.99,14
"LG 65UN71003LB 65"" LED UltraHD 4K",599,15
"LG 65UN71006LB 65"" LED UltraHD 4K",639,15
65NANO866NA Reacondicionado,1042.50,15
"LG 60UN71006LB 60"" LED UltraHD 4K Reacondicionado",539.10,15
"LG 65UN85003LA 65"" LED UltraHD 4K",799,15
65NANO866NA,1098.99,15
"LG 65NANO816NA 65"" LED IPS Nanocell UltraHD 4K",999,15
"LG 65UM7400PLB 65"" LED UltraHD 4K",699,15
"LG 65SM8050PLC 65"" LED NanoCell UltraHD 4K",850,15
"LG 65NANO806NA 65"" LED IPS Nanocell UltraHD 4K",799,15
"LG 65SK8000PLB 65"" LED Nanocell UltraHD 4K Reacondicionado",882,15
"LG 60UU640C 60"" Pantalla Profesional LED UltraHD 4K HDR",743.83,15
"LG 65SM8500PLA 65"" LED NanoCell UltraHD 4K",2173.92,15
"LG 65SM9010PLA 65"" LED NanoCell UltraHD 4K",1354.72,15
"LG 65UN71003LB 65"" LED UltraHD 4K",599,16
"LG 65UN71006LB 65"" LED UltraHD 4K",639,16
65NANO866NA,1098.99,16
65NANO866NA Reacondicionado,1042.50,16
"LG 60UN71006LB 60"" LED UltraHD 4K Reacondicionado",539.10,16
"LG 65SK8000PLB 65"" LED Nanocell UltraHD 4K Reacondicionado",842.95,16
"LG 65UN85003LA 65"" LED UltraHD 4K",799,16
"LG 65NANO816NA 65"" LED IPS Nanocell UltraHD 4K",999,16
"LG 65UM7400PLB 65"" LED UltraHD 4K",699,16
"LG 65NANO806NA 65"" LED IPS Nanocell UltraHD 4K",799,16
"LG 65SM8050PLC 65"" LED NanoCell UltraHD 4K",850,16
"LG 60UU640C 60"" Pantalla Profesional LED UltraHD 4K HDR",743.83,16
"LG 65SM8500PLA 65"" LED NanoCell UltraHD 4K",2173.92,16
"LG 65SM9010PLA 65"" LED NanoCell UltraHD 4K",1354.72,16
"LG 65UN71003LB 65"" LED UltraHD 4K",599,17
"LG 65UN71006LB 65"" LED UltraHD 4K",639,17
65NANO866NA,1098.99,17
65NANO866NA Reacondicionado,1042.50,17
"LG 60UN71006LB 60"" LED UltraHD 4K Reacondicionado",539.10,17
"LG 65SK8000PLB 65"" LED Nanocell UltraHD 4K Reacondicionado",842.95,17
"LG 65UN85003LA 65"" LED UltraHD 4K",799,17
"LG 65NANO816NA 65"" LED IPS Nanocell UltraHD 4K",999,17
"LG 65UM7400PLB 65"" LED UltraHD 4K",699,17
"LG 65NANO806NA 65"" LED IPS Nanocell UltraHD 4K",799,17
"LG 65SM8050PLC 65"" LED NanoCell UltraHD 4K",850,17
"LG 60UU640C 60"" Pantalla Profesional LED UltraHD 4K HDR",743.83,17
"LG 65SM8500PLA 65"" LED NanoCell UltraHD 4K",2173.92,17
"LG 65SM9010PLA 65"" LED NanoCell UltraHD 4K",1354.72,17
"LG 65UN71003LB 65"" LED UltraHD 4K",599,18
"LG 65UN71006LB 65"" LED UltraHD 4K",639,18
65NANO866NA,1098.99,18
65NANO866NA Reacondicionado,1026.85,18
"LG 60UN71006LB 60"" LED UltraHD 4K Reacondicionado",539.10,18
"LG 65SK8000PLB 65"" LED Nanocell UltraHD 4K Reacondicionado",842.95,18
"LG 65UN85003LA 65"" LED UltraHD 4K",799,18
"LG 65NANO816NA 65"" LED IPS Nanocell UltraHD 4K",999,18
"LG 65UM7400PLB 65"" LED UltraHD 4K",699,18
"LG 65NANO806NA 65"" LED IPS Nanocell UltraHD 4K",799,18
"LG 65UN85006LA 65"" LED UltraHD 4K",1040.74,18
"LG 65SM8050PLC 65"" LED NanoCell UltraHD 4K",850,18
"LG 60UU640C 60"" Pantalla Profesional LED UltraHD 4K HDR",743.83,18
"LG 65SM8500PLA 65"" LED NanoCell UltraHD 4K",2173.92,18
"LG 65UN71003LB 65"" LED UltraHD 4K",599,19
"LG 65UN71006LB 65"" LED UltraHD 4K",639,19
"LG 60UN71006LB 60"" LED UltraHD 4K Reacondicionado",539.10,19
"LG 65SK8000PLB 65"" LED Nanocell UltraHD 4K Reacondicionado",842.95,19
"LG 65NANO806NA 65"" LED IPS Nanocell UltraHD 4K",799,19
65NANO866NA,1098.99,19
"LG 65UN85003LA 65"" LED UltraHD 4K",799,19
"LG 65NANO816NA 65"" LED IPS Nanocell UltraHD 4K",999,19
"LG 65UM7400PLB 65"" LED UltraHD 4K",699,19
"LG 65UN85006LA 65"" LED UltraHD 4K",1040.74,19
"LG 65SM8050PLC 65"" LED NanoCell UltraHD 4K",850,19
"LG 60UU640C 60"" Pantalla Profesional LED UltraHD 4K HDR",743.83,19
"LG 65SM8500PLA 65"" LED NanoCell UltraHD 4K",2173.92,19
"LG 65SM9010PLA 65"" LED NanoCell UltraHD 4K",1354.72,19
"LG 65UN71003LB 65"" LED UltraHD 4K",599,20
"LG 65UN71006LB 65"" LED UltraHD 4K",639,20
"LG 60UN71006LB 60"" LED UltraHD 4K Reacondicionado",539.10,20
"LG 65SK8000PLB 65"" LED Nanocell UltraHD 4K Reacondicionado",842.95,20
"LG 65NANO806NA 65"" LED IPS Nanocell UltraHD 4K",799,20
65NANO866NA,1098.99,20
"LG 65UN85003LA 65"" LED UltraHD 4K",799,20
"LG 65NANO816NA 65"" LED IPS Nanocell UltraHD 4K",999,20
"LG 65UM7400PLB 65"" LED UltraHD 4K",699,20
"LG 65UM7610PLB 65"" LED IPS UltraHD 4K",850.19,20
"LG 65SM8050PLC 65"" LED NanoCell UltraHD 4K",850,20
"LG 65SM8200PLA 65"" LED UltraHD 4K",1054.16,20
"LG 65UN85006LA 65"" LED UltraHD 4K",859,20
"LG 60UU640C 60"" Pantalla Profesional LED UltraHD 4K HDR",743.83,20
"LG 65UN71003LB 65"" LED UltraHD 4K",599,21
"LG 60UN71006LB 60"" LED UltraHD 4K",579,21
65NANO866NA Reacondicionado,1026.85,21
"LG 65SK8000PLB 65"" LED Nanocell UltraHD 4K Reacondicionado",842.95,21
"LG 65UN85003LA 65"" LED UltraHD 4K",799,21
65NANO866NA,1098.99,21
"LG 65NANO816NA 65"" LED IPS Nanocell UltraHD 4K",999,21
"LG 65UN85006LA 65"" LED UltraHD 4K",859,21
"LG 65UM7400PLB 65"" LED UltraHD 4K",699,21
"LG 65UM7050 65"" LED UltraHD 4K Reacondicionado",521.05,21
"LG 65UM7610PLB 65"" LED IPS UltraHD 4K",849.42,21
"LG 65SM8200PLA 65"" LED UltraHD 4K",1053.18,21
"LG 65SM8050PLC 65"" LED NanoCell UltraHD 4K",834.99,21
"LG 60UU640C 60"" Pantalla Profesional LED UltraHD 4K HDR",743.83,21
"LG 65UN71003LB 65"" LED UltraHD 4K",599,22
"LG 65UM7510PLA 65"" LED UltraHD 4K",629.99,22
"LG 65UN80003LA 65"" LED UltraHD 4K",649,22
"LG 65UN85006LA 65"" LED UltraHD 4K",859,22
65NANO866NA Reacondicionado,945.75,22
"LG 65SK8000PLB 65"" LED Nanocell UltraHD 4K Reacondicionado",826.10,22
"Philips 65PUS8535 65"" LED UltraHD 4K Reacondicionado",796.70,22
"LG 65UN85003LA 65"" LED UltraHD 4K",799,22
"LG 65UM7100PLA 65"" LED UltraHD 4K HDR",624.61,22
"LG 65UM7450PLA 65"" LED UltraHD 4K",619,22
"LG 65UM7050 65"" LED UltraHD 4K Reacondicionado",521.05,22
"LG 65SM8050PLC 65"" LED NanoCell UltraHD 4K",899.01,22
"LG 60UN71003LB 60"" LED UltraHD 4K",538.99,22
"LG 65UM7400PLB 65"" LED UltraHD 4K",688.99,22
"LG 65UN71003LB 65"" LED UltraHD 4K",599,23
"LG 65UM7510PLA 65"" LED UltraHD 4K",629.99,23
"LG 65UN80003LA 65"" LED UltraHD 4K",649,23
"LG 65UN85006LA 65"" LED UltraHD 4K",859,23
65NANO866NA Reacondicionado,945.75,23
"LG 65SK8000PLB 65"" LED Nanocell UltraHD 4K Reacondicionado",826.10,23
"Philips 65PUS8535 65"" LED UltraHD 4K Reacondicionado",796.70,23
"LG 65UN85003LA 65"" LED UltraHD 4K",799,23
"LG 65UM7100PLA 65"" LED UltraHD 4K HDR",624.61,23
"LG 65UM7050 65"" LED UltraHD 4K Reacondicionado",521.05,23
"LG 65UM7450PLA 65"" LED UltraHD 4K",619,23
"LG 65SM8050PLC 65"" LED NanoCell UltraHD 4K",899.01,23
"LG 65UM7400PLB 65"" LED UltraHD 4K",688.99,23
"LG 65NANO813NA 65"" LED IPS Nanocell UltraHD 4K",979,23
"LG 65UN71003LB 65"" LED UltraHD 4K",599,24
"LG 65UM7510PLA 65"" LED UltraHD 4K",629.99,24
"LG 65NANO866NA 65"" Nanocell UltraHD",975.01,24
"LG 65UN85006LA 65"" LED UltraHD 4K",859,24
65NANO866NA Reacondicionado,945.75,24
"LG 65SK8000PLB 65"" LED Nanocell UltraHD 4K Reacondicionado",826.10,24
"Philips 65PUS8535 65"" LED UltraHD 4K Reacondicionado",796.70,24
"LG 65UN85003LA 65"" LED UltraHD 4K",799,24
"LG 65UM7100PLA 65"" LED UltraHD 4K HDR",624.40,24
"LG 65UM7050 65"" LED UltraHD 4K Reacondicionado",521.05,24
"LG 65SM8050PLC 65"" LED NanoCell UltraHD 4K",899.01,24
"LG 65UM7450PLA 65"" LED UltraHD 4K",619,24
"LG 65UM7400PLB 65"" LED UltraHD 4K",679,24
"LG 65NANO813NA 65"" LED IPS Nanocell UltraHD 4K",979,24
"LG 65UN71003LB 65"" LED UltraHD 4K",599,25
"LG 65UM7510PLA 65"" LED UltraHD 4K",629.99,25
"LG 65UN80003LA 65"" LED UltraHD 4K",649,25
"LG 65UN85006LA 65"" LED UltraHD 4K",859,25
"LG 65NANO866NA 65"" Nanocell UltraHD Reacondicionado",926.85,25
"LG 65SK8000PLB 65"" LED Nanocell UltraHD 4K Reacondicionado",826.10,25
"Philips 65PUS8535 65"" LED UltraHD 4K Reacondicionado",796.70,25
"LG 65SM8050PLC 65"" LED NanoCell UltraHD 4K",899.01,25
"LG 65UN85003LA 65"" LED UltraHD 4K",799,25
"LG 65UM7100PLA 65"" LED UltraHD 4K HDR",624.61,25
"LG 65UM7050 65"" LED UltraHD 4K Reacondicionado",521.05,25
"LG 65UM7400PLB 65"" LED UltraHD 4K",679,25
"LG 65NANO813NA 65"" LED IPS Nanocell UltraHD 4K",979,25
"LG 65UM7450PLA 65"" LED UltraHD 4K",619,25
