Model,Price €,day
TV LG 65UN80006 (LED - 65'' - 165 cm - 4K Ultra HD - Smart TV),699.99,1
TV LG 60UN71006 (LED - 60'' - 152 cm - 4K Ultra HD - Smart TV),599.99,1
TV LG 65UM7050P (LED - 65'' - 165 cm - 4K Ultra HD - Smart TV),645.90,1
TV LG 65UM7510PLA (LED - 65'' - 165 cm - 4K Ultra HD - Smart TV),599.97,1
TV LG 65UN81006 (LED - 65'' - 165 cm - 4K Ultra HD - Smart TV),743.99,1
TV LG 60UM7100PLB (LED - 60'' - 152 cm -  4K Ultra HD - Smart TV),1442.93,1
TV LG 65UN73006 (LED - 65'' - 165 cm - 4K Ultra HD - Smart TV),797.90,1
TV  LG 65UM7610 (LED - 65'' - 165 cm - 4K Ultra HD - Smart TV),797.90,1
TV LG 60UK6200PLA (Caja Abierta - LED - 60'' - 152 cm - 4K Ultra HD - Smart TV),639.97,1
TV LG 65UN85006 (LED - 65'' - 165 cm - 4K Ultra HD - Smart TV),806.99,1
TV LG 60UK6200PLA (LED - 60'' - 152 cm - 4K Ultra HD - Smart TV),669.94,1
TV LG 65UK6400 (LED - 65'' - 165 cm - 4K Ultra HD - Smart TV),1052.55,1
TV LG 65UN80006 (LED - 65'' - 165 cm - 4K Ultra HD - Smart TV),699.99,2
TV LG 60UN71006 (LED - 60'' - 152 cm - 4K Ultra HD - Smart TV),599.99,2
TV LG 65UM7050P (LED - 65'' - 165 cm - 4K Ultra HD - Smart TV),645.90,2
TV LG 65UM7510PLA (LED - 65'' - 165 cm - 4K Ultra HD - Smart TV),599.97,2
TV LG 65UN81006 (LED - 65'' - 165 cm - 4K Ultra HD - Smart TV),743.99,2
TV LG 60UM7100PLB (LED - 60'' - 152 cm -  4K Ultra HD - Smart TV),1442.93,2
TV LG 65UN73006 (LED - 65'' - 165 cm - 4K Ultra HD - Smart TV),797.90,2
TV  LG 65UM7610 (LED - 65'' - 165 cm - 4K Ultra HD - Smart TV),797.90,2
TV LG 60UK6200PLA (Caja Abierta - LED - 60'' - 152 cm - 4K Ultra HD - Smart TV),639.97,2
TV LG 65UN85006 (LED - 65'' - 165 cm - 4K Ultra HD - Smart TV),839.99,2
TV LG 60UK6200PLA (LED - 60'' - 152 cm - 4K Ultra HD - Smart TV),669.94,2
TV LG 65UK6400 (LED - 65'' - 165 cm - 4K Ultra HD - Smart TV),1052.55,2
TV LG 65UN80006 (LED - 65'' - 165 cm - 4K Ultra HD - Smart TV),699.99,3
TV LG 60UN71006 (LED - 60'' - 152 cm - 4K Ultra HD - Smart TV),552.00,3
TV LG 65UM7050P (LED - 65'' - 165 cm - 4K Ultra HD - Smart TV),645.90,3
TV LG 65UM7510PLA (LED - 65'' - 165 cm - 4K Ultra HD - Smart TV),899.99,3
TV LG 65UN81006 (LED - 65'' - 165 cm - 4K Ultra HD - Smart TV),669.99,3
TV LG 60UM7100PLB (LED - 60'' - 152 cm -  4K Ultra HD - Smart TV),1442.93,3
TV LG 65UN73006 (LED - 65'' - 165 cm - 4K Ultra HD - Smart TV),797.90,3
TV  LG 65UM7610 (LED - 65'' - 165 cm - 4K Ultra HD - Smart TV),797.90,3
TV LG 60UK6200PLA (Caja Abierta - LED - 60'' - 152 cm - 4K Ultra HD - Smart TV),639.97,3
TV LG 65UN85006 (LED - 65'' - 165 cm - 4K Ultra HD - Smart TV),799.99,3
TV LG 60UK6200PLA (LED - 60'' - 152 cm - 4K Ultra HD - Smart TV),669.94,3
TV LG 65UK6400 (LED - 65'' - 165 cm - 4K Ultra HD - Smart TV),1052.55,3
TV LG 65UN80006 (LED - 65'' - 165 cm - 4K Ultra HD - Smart TV),699.99,4
TV LG 60UN71006 (LED - 60'' - 152 cm - 4K Ultra HD - Smart TV),552.00,4
TV LG 65UM7050P (LED - 65'' - 165 cm - 4K Ultra HD - Smart TV),645.90,4
TV LG 65UM7510PLA (LED - 65'' - 165 cm - 4K Ultra HD - Smart TV),899.99,4
TV LG 65UN81006 (LED - 65'' - 165 cm - 4K Ultra HD - Smart TV),669.99,4
TV LG 60UM7100PLB (LED - 60'' - 152 cm -  4K Ultra HD - Smart TV),1442.93,4
TV LG 65UN73006 (LED - 65'' - 165 cm - 4K Ultra HD - Smart TV),797.90,4
TV  LG 65UM7610 (LED - 65'' - 165 cm - 4K Ultra HD - Smart TV),797.90,4
TV LG 60UK6200PLA (Caja Abierta - LED - 60'' - 152 cm - 4K Ultra HD - Smart TV),639.97,4
TV LG 65UN85006 (LED - 65'' - 165 cm - 4K Ultra HD - Smart TV),799.99,4
TV LG 60UK6200PLA (LED - 60'' - 152 cm - 4K Ultra HD - Smart TV),669.94,4
TV LG 65UK6400 (LED - 65'' - 165 cm - 4K Ultra HD - Smart TV),1052.55,4
TV LG 65UN80006 (LED - 65'' - 165 cm - 4K Ultra HD - Smart TV),699.99,5
TV LG 60UN71006 (LED - 60'' - 152 cm - 4K Ultra HD - Smart TV),552.00,5
TV LG 65UN81006 (LED - 65'' - 165 cm - 4K Ultra HD - Smart TV),955.90,5
TV LG 65UM7050P (LED - 65'' - 165 cm - 4K Ultra HD - Smart TV),645.90,5
TV LG 65UM7510PLA (LED - 65'' - 165 cm - 4K Ultra HD - Smart TV),899.99,5
TV LG 60UM7100PLB (LED - 60'' - 152 cm -  4K Ultra HD - Smart TV),1442.93,5
TV LG 65UN73006 (LED - 65'' - 165 cm - 4K Ultra HD - Smart TV),788.90,5
TV  LG 65UM7610 (LED - 65'' - 165 cm - 4K Ultra HD - Smart TV),797.90,5
TV LG 60UK6200PLA (LED - 60'' - 152 cm - 4K Ultra HD - Smart TV),669.94,5
TV LG 65UK6400 (LED - 65'' - 165 cm - 4K Ultra HD - Smart TV),1052.55,5
TV LG 65UN85006 (LED - 65'' - 165 cm - 4K Ultra HD - Smart TV),799.99,5
TV LG 60UK6200PLA (Caja Abierta - LED - 60'' - 152 cm - 4K Ultra HD - Smart TV),639.97,5
TV LG 65UN80006 (LED - 65'' - 165 cm - 4K Ultra HD - Smart TV),699.99,6
TV LG 60UN71006 (LED - 60'' - 152 cm - 4K Ultra HD - Smart TV),552.00,6
TV LG 65UN81006 (LED - 65'' - 165 cm - 4K Ultra HD - Smart TV),955.90,6
TV LG 65UM7050P (LED - 65'' - 165 cm - 4K Ultra HD - Smart TV),645.90,6
TV LG 65UM7510PLA (LED - 65'' - 165 cm - 4K Ultra HD - Smart TV),737.99,6
TV LG 60UM7100PLB (LED - 60'' - 152 cm -  4K Ultra HD - Smart TV),1442.93,6
TV LG 65UN73006 (LED - 65'' - 165 cm - 4K Ultra HD - Smart TV),788.90,6
TV  LG 65UM7610 (LED - 65'' - 165 cm - 4K Ultra HD - Smart TV),797.90,6
TV LG 60UK6200PLA (LED - 60'' - 152 cm - 4K Ultra HD - Smart TV),669.94,6
TV LG 65UK6400 (LED - 65'' - 165 cm - 4K Ultra HD - Smart TV),1052.55,6
TV LG 65UN85006 (LED - 65'' - 165 cm - 4K Ultra HD - Smart TV),799.99,6
TV LG 60UK6200PLA (Caja Abierta - LED - 60'' - 152 cm - 4K Ultra HD - Smart TV),639.97,6
TV LG 60UN71006 (LED - 60'' - 152 cm - 4K Ultra HD - Smart TV),552.00,7
TV LG 65UN80006 (LED - 65'' - 165 cm - 4K Ultra HD - Smart TV),699.99,7
TV LG 65UN81006 (LED - 65'' - 165 cm - 4K Ultra HD - Smart TV),955.90,7
TV LG 65UM7050P (LED - 65'' - 165 cm - 4K Ultra HD - Smart TV),645.90,7
TV LG 65UM7510PLA (LED - 65'' - 165 cm - 4K Ultra HD - Smart TV),737.99,7
TV LG 60UM7100PLB (LED - 60'' - 152 cm -  4K Ultra HD - Smart TV),1442.93,7
TV LG 65UN73006 (LED - 65'' - 165 cm - 4K Ultra HD - Smart TV),785.90,7
TV  LG 65UM7610 (LED - 65'' - 165 cm - 4K Ultra HD - Smart TV),797.90,7
TV LG 60UK6200PLA (LED - 60'' - 152 cm - 4K Ultra HD - Smart TV),669.94,7
TV LG 65UK6400 (LED - 65'' - 165 cm - 4K Ultra HD - Smart TV),1052.55,7
TV LG 65UN85006 (LED - 65'' - 165 cm - 4K Ultra HD - Smart TV),799.99,7
TV LG 60UK6200PLA (Caja Abierta - LED - 60'' - 152 cm - 4K Ultra HD - Smart TV),639.97,7
TV LG 60UN71006 (LED - 60'' - 152 cm - 4K Ultra HD - Smart TV),552.00,8
TV LG 65UN80006 (LED - 65'' - 165 cm - 4K Ultra HD - Smart TV),699.99,8
TV LG 65UN81006 (LED - 65'' - 165 cm - 4K Ultra HD - Smart TV),955.90,8
TV LG 65UM7050P (LED - 65'' - 165 cm - 4K Ultra HD - Smart TV),645.90,8
TV LG 65UM7510PLA (LED - 65'' - 165 cm - 4K Ultra HD - Smart TV),737.99,8
TV LG 60UM7100PLB (LED - 60'' - 152 cm -  4K Ultra HD - Smart TV),1442.93,8
TV LG 65UN73006 (LED - 65'' - 165 cm - 4K Ultra HD - Smart TV),785.90,8
TV  LG 65UM7610 (LED - 65'' - 165 cm - 4K Ultra HD - Smart TV),797.90,8
TV LG 60UK6200PLA (LED - 60'' - 152 cm - 4K Ultra HD - Smart TV),669.94,8
TV LG 65UK6400 (LED - 65'' - 165 cm - 4K Ultra HD - Smart TV),1052.55,8
TV LG 65UN85006 (LED - 65'' - 165 cm - 4K Ultra HD - Smart TV),799.99,8
TV LG 60UK6200PLA (Caja Abierta - LED - 60'' - 152 cm - 4K Ultra HD - Smart TV),639.97,8
TV LG 60UN71006 (LED - 60'' - 152 cm - 4K Ultra HD - Smart TV),552.00,9
TV LG 65UN80006 (LED - 65'' - 165 cm - 4K Ultra HD - Smart TV),699.99,9
TV LG 65UN81006 (LED - 65'' - 165 cm - 4K Ultra HD - Smart TV),955.90,9
TV LG 65UM7510PLA (LED - 65'' - 165 cm - 4K Ultra HD - Smart TV),899.99,9
TV LG 65UM7050P (LED - 65'' - 165 cm - 4K Ultra HD - Smart TV),645.90,9
TV LG 60UM7100PLB (LED - 60'' - 152 cm -  4K Ultra HD - Smart TV),1442.93,9
TV LG 65UN73006 (LED - 65'' - 165 cm - 4K Ultra HD - Smart TV),785.90,9
TV  LG 65UM7610 (LED - 65'' - 165 cm - 4K Ultra HD - Smart TV),797.90,9
TV LG 60UK6200PLA (LED - 60'' - 152 cm - 4K Ultra HD - Smart TV),669.94,9
TV LG 65UK6400 (LED - 65'' - 165 cm - 4K Ultra HD - Smart TV),1052.55,9
TV LG 65UN85006 (LED - 65'' - 165 cm - 4K Ultra HD - Smart TV),799.99,9
TV LG 60UK6200PLA (Caja Abierta - LED - 60'' - 152 cm - 4K Ultra HD - Smart TV),639.97,9
TV LG 60UN71006 (LED - 60'' - 152 cm - 4K Ultra HD - Smart TV),549.99,10
TV LG 65UN80006 (LED - 65'' - 165 cm - 4K Ultra HD - Smart TV),699.00,10
TV LG 65UN81006 (LED - 65'' - 165 cm - 4K Ultra HD - Smart TV),649.99,10
TV LG 65UM7510PLA (LED - 65'' - 165 cm - 4K Ultra HD - Smart TV),737.99,10
TV LG 65UM7050P (LED - 65'' - 165 cm - 4K Ultra HD - Smart TV),645.90,10
TV LG 60UM7100PLB (LED - 60'' - 152 cm -  4K Ultra HD - Smart TV),1442.93,10
TV LG 65UN73006 (LED - 65'' - 165 cm - 4K Ultra HD - Smart TV),699.99,10
TV  LG 65UM7610 (LED - 65'' - 165 cm - 4K Ultra HD - Smart TV),797.90,10
TV LG 60UK6200PLA (LED - 60'' - 152 cm - 4K Ultra HD - Smart TV),669.94,10
TV LG 65UK6400 (LED - 65'' - 165 cm - 4K Ultra HD - Smart TV),1052.55,10
TV LG 65UN85006 (LED - 65'' - 165 cm - 4K Ultra HD - Smart TV),806.99,10
TV LG 60UK6200PLA (Caja Abierta - LED - 60'' - 152 cm - 4K Ultra HD - Smart TV),639.97,10
TV LG 60UN71006 (LED - 60'' - 152 cm - 4K Ultra HD - Smart TV),549.99,11
TV LG 65UN80006 (LED - 65'' - 165 cm - 4K Ultra HD - Smart TV),699.00,11
TV LG 65UN81006 (LED - 65'' - 165 cm - 4K Ultra HD - Smart TV),649.99,11
TV LG 65UM7510PLA (LED - 65'' - 165 cm - 4K Ultra HD - Smart TV),737.99,11
TV LG 65UM7050P (LED - 65'' - 165 cm - 4K Ultra HD - Smart TV),645.90,11
TV LG 60UM7100PLB (LED - 60'' - 152 cm -  4K Ultra HD - Smart TV),1442.93,11
TV LG 65UN73006 (LED - 65'' - 165 cm - 4K Ultra HD - Smart TV),699.99,11
TV  LG 65UM7610 (LED - 65'' - 165 cm - 4K Ultra HD - Smart TV),797.90,11
TV LG 60UK6200PLA (LED - 60'' - 152 cm - 4K Ultra HD - Smart TV),669.94,11
TV LG 65UK6400 (LED - 65'' - 165 cm - 4K Ultra HD - Smart TV),1052.55,11
TV LG 65UN85006 (LED - 65'' - 165 cm - 4K Ultra HD - Smart TV),806.99,11
TV LG 60UK6200PLA (Caja Abierta - LED - 60'' - 152 cm - 4K Ultra HD - Smart TV),639.97,11
TV LG 60UN71006 (LED - 60'' - 152 cm - 4K Ultra HD - Smart TV),549.99,12
TV LG 65UN80006 (LED - 65'' - 165 cm - 4K Ultra HD - Smart TV),699.00,12
TV LG 65UN81006 (LED - 65'' - 165 cm - 4K Ultra HD - Smart TV),649.99,12
TV LG 65UM7510PLA (LED - 65'' - 165 cm - 4K Ultra HD - Smart TV),737.99,12
TV LG 60UM7100PLB (LED - 60'' - 152 cm -  4K Ultra HD - Smart TV),1442.93,12
TV LG 65UM7050P (LED - 65'' - 165 cm - 4K Ultra HD - Smart TV),645.90,12
TV LG 65UN73006 (LED - 65'' - 165 cm - 4K Ultra HD - Smart TV),699.99,12
TV  LG 65UM7610 (LED - 65'' - 165 cm - 4K Ultra HD - Smart TV),797.90,12
TV LG 60UK6200PLA (LED - 60'' - 152 cm - 4K Ultra HD - Smart TV),669.94,12
TV LG 65UK6400 (LED - 65'' - 165 cm - 4K Ultra HD - Smart TV),1052.55,12
TV LG 65UN85006 (LED - 65'' - 165 cm - 4K Ultra HD - Smart TV),819.99,12
TV LG 60UK6200PLA (Caja Abierta - LED - 60'' - 152 cm - 4K Ultra HD - Smart TV),639.97,12
TV LG 60UN71006 (LED - 60'' - 152 cm - 4K Ultra HD - Smart TV),569.99,13
TV LG 65UN81006 (LED - 65'' - 165 cm - 4K Ultra HD - Smart TV),779.99,13
TV LG 65UM7510PLA (LED - 65'' - 165 cm - 4K Ultra HD - Smart TV),737.99,13
TV LG 60UM7100PLB (LED - 60'' - 152 cm -  4K Ultra HD - Smart TV),1442.93,13
TV LG 65UN80006 (LED - 65'' - 165 cm - 4K Ultra HD - Smart TV),699.99,13
TV LG 65UM7050P (LED - 65'' - 165 cm - 4K Ultra HD - Smart TV),645.90,13
TV LG 65UN73006 (LED - 65'' - 165 cm - 4K Ultra HD - Smart TV),689.99,13
TV  LG 65UM7610 (LED - 65'' - 165 cm - 4K Ultra HD - Smart TV),797.90,13
TV LG 60UK6200PLA (LED - 60'' - 152 cm - 4K Ultra HD - Smart TV),669.94,13
TV LG 65UK6400 (LED - 65'' - 165 cm - 4K Ultra HD - Smart TV),1052.55,13
TV LG 65UN85006 (LED - 65'' - 165 cm - 4K Ultra HD - Smart TV),849.99,13
TV LG 60UK6200PLA (Caja Abierta - LED - 60'' - 152 cm - 4K Ultra HD - Smart TV),639.97,13
TV LG 60UN71006 (LED - 60'' - 152 cm - 4K Ultra HD - Smart TV),569.99,14
TV LG 65UN81006 (LED - 65'' - 165 cm - 4K Ultra HD - Smart TV),659.99,14
TV LG 65UM7510PLA (LED - 65'' - 165 cm - 4K Ultra HD - Smart TV),737.99,14
TV LG 60UM7100PLB (LED - 60'' - 152 cm -  4K Ultra HD - Smart TV),1442.93,14
TV LG 65UN80006 (LED - 65'' - 165 cm - 4K Ultra HD - Smart TV),699.99,14
TV LG 65UM7050P (LED - 65'' - 165 cm - 4K Ultra HD - Smart TV),645.90,14
TV LG 65UN73006 (LED - 65'' - 165 cm - 4K Ultra HD - Smart TV),679.99,14
TV  LG 65UM7610 (LED - 65'' - 165 cm - 4K Ultra HD - Smart TV),797.90,14
TV LG 60UK6200PLA (LED - 60'' - 152 cm - 4K Ultra HD - Smart TV),669.94,14
TV LG 65UN85006 (LED - 65'' - 165 cm - 4K Ultra HD - Smart TV),849.99,14
TV LG 65UK6400 (LED - 65'' - 165 cm - 4K Ultra HD - Smart TV),1052.55,14
TV LG 60UK6200PLA (Caja Abierta - LED - 60'' - 152 cm - 4K Ultra HD - Smart TV),639.97,14
TV LG 60UN71006 (LED - 60'' - 152 cm - 4K Ultra HD - Smart TV),569.99,15
TV LG 65UN81006 (LED - 65'' - 165 cm - 4K Ultra HD - Smart TV),659.99,15
TV LG 65UM7510PLA (LED - 65'' - 165 cm - 4K Ultra HD - Smart TV),737.99,15
TV LG 60UM7100PLB (LED - 60'' - 152 cm -  4K Ultra HD - Smart TV),1442.93,15
TV LG 65UN80006 (LED - 65'' - 165 cm - 4K Ultra HD - Smart TV),699.99,15
TV LG 65UM7050P (LED - 65'' - 165 cm - 4K Ultra HD - Smart TV),645.90,15
TV LG 65UN73006 (LED - 65'' - 165 cm - 4K Ultra HD - Smart TV),679.99,15
TV  LG 65UM7610 (LED - 65'' - 165 cm - 4K Ultra HD - Smart TV),797.90,15
TV LG 60UK6200PLA (LED - 60'' - 152 cm - 4K Ultra HD - Smart TV),669.94,15
TV LG 65UN85006 (LED - 65'' - 165 cm - 4K Ultra HD - Smart TV),849.99,15
TV LG 65UK6400 (LED - 65'' - 165 cm - 4K Ultra HD - Smart TV),1052.55,15
TV LG 60UK6200PLA (Caja Abierta - LED - 60'' - 152 cm - 4K Ultra HD - Smart TV),639.97,15
TV LG 60UN71006 (LED - 60'' - 152 cm - 4K Ultra HD - Smart TV),569.99,16
TV LG 65UN81006 (LED - 65'' - 165 cm - 4K Ultra HD - Smart TV),659.99,16
TV LG 65UM7510PLA (LED - 65'' - 165 cm - 4K Ultra HD - Smart TV),737.99,16
TV LG 60UM7100PLB (LED - 60'' - 152 cm -  4K Ultra HD - Smart TV),1442.93,16
TV LG 65UN80006 (LED - 65'' - 165 cm - 4K Ultra HD - Smart TV),699.99,16
TV LG 65UM7050P (LED - 65'' - 165 cm - 4K Ultra HD - Smart TV),645.90,16
TV LG 65UN73006 (LED - 65'' - 165 cm - 4K Ultra HD - Smart TV),679.99,16
TV  LG 65UM7610 (LED - 65'' - 165 cm - 4K Ultra HD - Smart TV),797.90,16
TV LG 60UK6200PLA (LED - 60'' - 152 cm - 4K Ultra HD - Smart TV),669.94,16
TV LG 65UK6400 (LED - 65'' - 165 cm - 4K Ultra HD - Smart TV),1052.55,16
TV LG 65UN85006 (LED - 65'' - 165 cm - 4K Ultra HD - Smart TV),849.99,16
TV LG 60UK6200PLA (Caja Abierta - LED - 60'' - 152 cm - 4K Ultra HD - Smart TV),639.97,16
TV LG 60UN71006 (LED - 60'' - 152 cm - 4K Ultra HD - Smart TV),569.99,17
TV LG 65UN81006 (LED - 65'' - 165 cm - 4K Ultra HD - Smart TV),955.90,17
TV LG 65UM7510PLA (LED - 65'' - 165 cm - 4K Ultra HD - Smart TV),737.99,17
TV LG 60UM7100PLB (LED - 60'' - 152 cm -  4K Ultra HD - Smart TV),1442.93,17
TV LG 65UN80006 (LED - 65'' - 165 cm - 4K Ultra HD - Smart TV),699.99,17
TV LG 65UM7050P (LED - 65'' - 165 cm - 4K Ultra HD - Smart TV),645.90,17
TV LG 65UN73006 (LED - 65'' - 165 cm - 4K Ultra HD - Smart TV),679.99,17
TV  LG 65UM7610 (LED - 65'' - 165 cm - 4K Ultra HD - Smart TV),797.90,17
TV LG 60UK6200PLA (LED - 60'' - 152 cm - 4K Ultra HD - Smart TV),669.94,17
TV LG 65UK6400 (LED - 65'' - 165 cm - 4K Ultra HD - Smart TV),1052.55,17
TV LG 65UN85006 (LED - 65'' - 165 cm - 4K Ultra HD - Smart TV),849.99,17
TV LG 60UK6200PLA (Caja Abierta - LED - 60'' - 152 cm - 4K Ultra HD - Smart TV),639.97,17
TV LG 60UN71006 (LED - 60'' - 152 cm - 4K Ultra HD - Smart TV),569.99,18
TV LG 65UN81006 (LED - 65'' - 165 cm - 4K Ultra HD - Smart TV),955.90,18
TV LG 65UM7510PLA (LED - 65'' - 165 cm - 4K Ultra HD - Smart TV),737.99,18
TV LG 60UM7100PLB (LED - 60'' - 152 cm -  4K Ultra HD - Smart TV),1442.93,18
TV LG 65UN80006 (LED - 65'' - 165 cm - 4K Ultra HD - Smart TV),699.99,18
TV LG 65UM7050P (LED - 65'' - 165 cm - 4K Ultra HD - Smart TV),645.90,18
TV LG 65UN73006 (LED - 65'' - 165 cm - 4K Ultra HD - Smart TV),679.99,18
TV  LG 65UM7610 (LED - 65'' - 165 cm - 4K Ultra HD - Smart TV),797.90,18
TV LG 60UK6200PLA (LED - 60'' - 152 cm - 4K Ultra HD - Smart TV),669.94,18
TV LG 65UK6400 (LED - 65'' - 165 cm - 4K Ultra HD - Smart TV),1052.55,18
TV LG 65UN85006 (LED - 65'' - 165 cm - 4K Ultra HD - Smart TV),849.99,18
TV LG 60UK6200PLA (Caja Abierta - LED - 60'' - 152 cm - 4K Ultra HD - Smart TV),639.97,18
TV LG 60UN71006 (LED - 60'' - 152 cm - 4K Ultra HD - Smart TV),569.99,19
TV LG 65UN81006 (LED - 65'' - 165 cm - 4K Ultra HD - Smart TV),955.90,19
TV LG 65UM7510PLA (LED - 65'' - 165 cm - 4K Ultra HD - Smart TV),737.99,19
TV LG 60UM7100PLB (LED - 60'' - 152 cm -  4K Ultra HD - Smart TV),1442.93,19
TV LG 65UN80006 (LED - 65'' - 165 cm - 4K Ultra HD - Smart TV),699.99,19
TV LG 65UM7050P (LED - 65'' - 165 cm - 4K Ultra HD - Smart TV),645.90,19
TV LG 65UN73006 (LED - 65'' - 165 cm - 4K Ultra HD - Smart TV),787.32,19
TV  LG 65UM7610 (LED - 65'' - 165 cm - 4K Ultra HD - Smart TV),797.90,19
TV LG 60UK6200PLA (LED - 60'' - 152 cm - 4K Ultra HD - Smart TV),669.94,19
TV LG 65UK6400 (LED - 65'' - 165 cm - 4K Ultra HD - Smart TV),1052.55,19
TV LG 65UN85006 (LED - 65'' - 165 cm - 4K Ultra HD - Smart TV),849.99,19
TV LG 60UK6200PLA (Caja Abierta - LED - 60'' - 152 cm - 4K Ultra HD - Smart TV),639.97,19
TV LG 60UN71006 (LED - 60'' - 152 cm - 4K Ultra HD - Smart TV),599.99,20
TV LG 65UN81006 (LED - 65'' - 165 cm - 4K Ultra HD - Smart TV),810.99,20
TV LG 65UM7510PLA (LED - 65'' - 165 cm - 4K Ultra HD - Smart TV),737.99,20
TV LG 60UM7100PLB (LED - 60'' - 152 cm -  4K Ultra HD - Smart TV),1442.93,20
TV LG 65UN80006 (LED - 65'' - 165 cm - 4K Ultra HD - Smart TV),779.99,20
TV LG 65UM7050P (LED - 65'' - 165 cm - 4K Ultra HD - Smart TV),645.90,20
TV LG 65UN73006 (LED - 65'' - 165 cm - 4K Ultra HD - Smart TV),785.90,20
TV  LG 65UM7610 (LED - 65'' - 165 cm - 4K Ultra HD - Smart TV),797.90,20
TV LG 60UK6200PLA (LED - 60'' - 152 cm - 4K Ultra HD - Smart TV),669.94,20
TV LG 65UN85006 (LED - 65'' - 165 cm - 4K Ultra HD - Smart TV),879.99,20
TV LG 65UK6400 (LED - 65'' - 165 cm - 4K Ultra HD - Smart TV),1052.55,20
TV LG 60UK6200PLA (Caja Abierta - LED - 60'' - 152 cm - 4K Ultra HD - Smart TV),639.97,20
TV LG 60UN71006 (LED - 60'' - 152 cm - 4K Ultra HD - Smart TV),489.99,21
TV LG 65UN81006 (LED - 65'' - 165 cm - 4K Ultra HD - Smart TV),810.99,21
TV LG 65UM7510PLA (LED - 65'' - 165 cm - 4K Ultra HD - Smart TV),737.99,21
TV LG 60UM7100PLB (LED - 60'' - 152 cm -  4K Ultra HD - Smart TV),1442.93,21
TV LG 65UN80006 (LED - 65'' - 165 cm - 4K Ultra HD - Smart TV),699.99,21
TV LG 65UM7050P (LED - 65'' - 165 cm - 4K Ultra HD - Smart TV),645.90,21
TV LG 65UN73006 (LED - 65'' - 165 cm - 4K Ultra HD - Smart TV),785.90,21
TV  LG 65UM7610 (LED - 65'' - 165 cm - 4K Ultra HD - Smart TV),797.90,21
TV LG 60UK6200PLA (LED - 60'' - 152 cm - 4K Ultra HD - Smart TV),669.94,21
TV LG 65UN85006 (LED - 65'' - 165 cm - 4K Ultra HD - Smart TV),860.99,21
TV LG 65UK6400 (LED - 65'' - 165 cm - 4K Ultra HD - Smart TV),1052.55,21
TV LG 60UK6200PLA (Caja Abierta - LED - 60'' - 152 cm - 4K Ultra HD - Smart TV),639.97,21
TV LG 60UN71006 (LED - 60'' - 152 cm - 4K Ultra HD - Smart TV),489.99,22
TV LG 65UN81006 (LED - 65'' - 165 cm - 4K Ultra HD - Smart TV),659.99,22
TV LG 65UM7510PLA (LED - 65'' - 165 cm - 4K Ultra HD - Smart TV),737.99,22
TV LG 60UM7100PLB (LED - 60'' - 152 cm -  4K Ultra HD - Smart TV),1442.93,22
TV LG 65UN80006 (LED - 65'' - 165 cm - 4K Ultra HD - Smart TV),691.99,22
TV LG 65UM7050P (LED - 65'' - 165 cm - 4K Ultra HD - Smart TV),645.90,22
TV LG 65UN73006 (LED - 65'' - 165 cm - 4K Ultra HD - Smart TV),785.90,22
TV  LG 65UM7610 (LED - 65'' - 165 cm - 4K Ultra HD - Smart TV),797.90,22
TV LG 60UK6200PLA (LED - 60'' - 152 cm - 4K Ultra HD - Smart TV),669.94,22
TV LG 65UN85006 (LED - 65'' - 165 cm - 4K Ultra HD - Smart TV),849.99,22
TV LG 65UK6400 (LED - 65'' - 165 cm - 4K Ultra HD - Smart TV),1052.55,22
TV LG 60UK6200PLA (Caja Abierta - LED - 60'' - 152 cm - 4K Ultra HD - Smart TV),639.97,22
TV LG 60UN71006 (LED - 60'' - 152 cm - 4K Ultra HD - Smart TV),569.99,23
TV LG 65UN81006 (LED - 65'' - 165 cm - 4K Ultra HD - Smart TV),659.99,23
TV LG 65UM7510PLA (LED - 65'' - 165 cm - 4K Ultra HD - Smart TV),559.99,23
TV LG 65UN80006 (LED - 65'' - 165 cm - 4K Ultra HD - Smart TV),699.99,23
TV LG 60UM7100PLB (LED - 60'' - 152 cm -  4K Ultra HD - Smart TV),1442.93,23
TV LG 65UM7050P (LED - 65'' - 165 cm - 4K Ultra HD - Smart TV),645.90,23
TV LG 65UN73006 (LED - 65'' - 165 cm - 4K Ultra HD - Smart TV),785.90,23
TV  LG 65UM7610 (LED - 65'' - 165 cm - 4K Ultra HD - Smart TV),797.90,23
TV LG 60UK6200PLA (LED - 60'' - 152 cm - 4K Ultra HD - Smart TV),669.94,23
TV LG 65UN85006 (LED - 65'' - 165 cm - 4K Ultra HD - Smart TV),849.99,23
TV LG 65UK6400 (LED - 65'' - 165 cm - 4K Ultra HD - Smart TV),1052.55,23
TV LG 60UK6200PLA (Caja Abierta - LED - 60'' - 152 cm - 4K Ultra HD - Smart TV),639.97,23
TV LG 60UN71006 (LED - 60'' - 152 cm - 4K Ultra HD - Smart TV),599.99,24
TV LG 65UN81006 (LED - 65'' - 165 cm - 4K Ultra HD - Smart TV),849.99,24
TV LG 65UM7510PLA (LED - 65'' - 165 cm - 4K Ultra HD - Smart TV),899.99,24
TV LG 65UN80006 (LED - 65'' - 165 cm - 4K Ultra HD - Smart TV),679.99,24
TV LG 60UM7100PLB (LED - 60'' - 152 cm -  4K Ultra HD - Smart TV),1442.93,24
TV LG 65UM7050P (LED - 65'' - 165 cm - 4K Ultra HD - Smart TV),645.90,24
TV LG 65UN73006 (LED - 65'' - 165 cm - 4K Ultra HD - Smart TV),785.90,24
TV  LG 65UM7610 (LED - 65'' - 165 cm - 4K Ultra HD - Smart TV),797.90,24
TV LG 60UK6200PLA (LED - 60'' - 152 cm - 4K Ultra HD - Smart TV),669.94,24
TV LG 65UN85006 (LED - 65'' - 165 cm - 4K Ultra HD - Smart TV),779.99,24
TV LG 65UK6400 (LED - 65'' - 165 cm - 4K Ultra HD - Smart TV),1052.55,24
TV LG 60UK6200PLA (Caja Abierta - LED - 60'' - 152 cm - 4K Ultra HD - Smart TV),639.97,24
TV LG 60UN71006 (LED - 60'' - 152 cm - 4K Ultra HD - Smart TV),489.99,25
TV LG 65UN81006 (LED - 65'' - 165 cm - 4K Ultra HD - Smart TV),655.99,25
TV LG 65UM7510PLA (LED - 65'' - 165 cm - 4K Ultra HD - Smart TV),737.99,25
TV LG 65UN80006 (LED - 65'' - 165 cm - 4K Ultra HD - Smart TV),679.99,25
TV LG 65UM7050P (LED - 65'' - 165 cm - 4K Ultra HD - Smart TV),645.90,25
TV LG 60UM7100PLB (LED - 60'' - 152 cm -  4K Ultra HD - Smart TV),1442.93,25
TV LG 65UN73006 (LED - 65'' - 165 cm - 4K Ultra HD - Smart TV),785.90,25
TV  LG 65UM7610 (LED - 65'' - 165 cm - 4K Ultra HD - Smart TV),797.90,25
TV LG 60UK6200PLA (LED - 60'' - 152 cm - 4K Ultra HD - Smart TV),669.94,25
TV LG 65UK6400 (LED - 65'' - 165 cm - 4K Ultra HD - Smart TV),1052.55,25
TV LG 65UN85006 (LED - 65'' - 165 cm - 4K Ultra HD - Smart TV),779.99,25
TV LG 60UK6200PLA (Caja Abierta - LED - 60'' - 152 cm - 4K Ultra HD - Smart TV),639.97,25
